epoch,time,train/box_loss,train/pose_loss,train/kobj_loss,train/cls_loss,train/dfl_loss,metrics/precision(B),metrics/recall(B),metrics/mAP50(B),metrics/mAP50-95(B),metrics/precision(P),metrics/recall(P),metrics/mAP50(P),metrics/mAP50-95(P),val/box_loss,val/pose_loss,val/kobj_loss,val/cls_loss,val/dfl_loss,lr/pg0,lr/pg1,lr/pg2
1,20.7117,2.74456,2.19332,0.68684,4.71034,2.75564,0.35573,0.36667,0.21782,0.11284,0.35573,0.36667,0.24576,0.11878,1.99767,2.07365,0.64872,2.42923,2.0787,0.00014,0.00014,0.00014
2,23.3743,1.57247,1.94403,0.69497,1.59223,1.52548,0.96629,1,0.995,0.70848,0.93387,0.96667,0.95746,0.49343,1.04046,1.85938,0.64822,0.51785,1.16659,0.00029802,0.00029802,0.00029802
3,27.9107,1.2386,1.53186,0.6768,0.85266,1.26857,0.99728,1,0.995,0.73768,0.99728,1,0.995,0.55346,0.97751,1.65084,0.64197,0.54213,1.05159,0.000453928,0.000453928,0.000453928
4,30.6876,1.18307,1.3921,0.65277,0.72863,1.18971,1,0.96275,0.995,0.68637,1,0.96275,0.995,0.5784,1.0791,1.70206,0.62127,0.53287,1.12272,0.000607724,0.000607724,0.000607724
5,36.4532,1.07049,1.26054,0.60814,0.71814,1.18897,0.99803,1,0.995,0.69871,0.99803,1,0.995,0.61167,1.03625,1.65816,0.57167,0.8578,1.11197,0.000759408,0.000759408,0.000759408
6,40.6437,1.19019,1.18152,0.55762,0.75895,1.14402,0.96457,1,0.99177,0.65691,0.96457,1,0.99177,0.69297,1.28385,1.54882,0.50649,0.82091,1.24102,0.00090898,0.00090898,0.00090898
7,44.3838,1.19167,1.09345,0.55885,0.78271,1.18559,0.99779,1,0.995,0.76327,0.99779,1,0.995,0.75712,0.89615,1.13448,0.43388,0.61791,1.02132,0.00105644,0.00105644,0.00105644
8,47.7531,1.05125,1.10426,0.52816,0.69548,1.10738,0.99735,1,0.995,0.76323,0.99735,1,0.995,0.78002,0.93051,1.11089,0.39622,0.90518,1.06715,0.00120179,0.00120179,0.00120179
9,50.3691,1.09238,0.99217,0.5265,0.69277,1.16705,0.997,1,0.995,0.74417,0.997,1,0.995,0.77903,0.93375,1.00985,0.34009,0.83685,1.05385,0.00134502,0.00134502,0.00134502
10,52.9269,1.0408,1.00582,0.49329,0.72576,1.14975,0.96613,1,0.995,0.71005,0.96613,1,0.995,0.74619,1.00364,0.99769,0.30895,0.84693,1.05384,0.00148615,0.00148615,0.00148615
11,55.3016,1.06115,0.89548,0.48445,0.7014,1.12037,0.84581,1,0.97871,0.77114,0.84581,1,0.97871,0.79639,0.8874,0.90869,0.22715,1.65635,1.0127,0.00162516,0.00162516,0.00162516
12,57.7091,1.11094,0.9057,0.47463,0.71605,1.15346,0.94881,1,0.99306,0.7254,0.94881,1,0.99306,0.79965,0.86369,0.81669,0.15579,1.26485,1.01029,0.00176206,0.00176206,0.00176206
13,59.8344,1.01612,0.92739,0.43685,0.71395,1.13638,0.91428,1,0.98984,0.75348,0.91428,1,0.98984,0.78282,0.99155,0.8594,0.12342,1.34077,1.02141,0.0018416,0.0018416,0.0018416
14,61.9155,1.02033,0.92542,0.4086,0.64293,1.1237,0.97876,1,0.995,0.73554,0.97876,1,0.995,0.78644,0.95155,0.86245,0.13091,0.92333,1.03006,0.0018284,0.0018284,0.0018284
15,63.9893,1.10241,0.87225,0.43087,0.66482,1.13598,0.78147,0.96667,0.79179,0.46096,0.82888,0.96667,0.96433,0.7442,1.31897,0.89407,0.13177,1.55926,1.30918,0.0018152,0.0018152,0.0018152
16,65.9714,1.02728,0.76057,0.43831,0.68696,1.09445,0.98522,1,0.995,0.74085,0.98522,1,0.995,0.75811,1.00042,0.89791,0.07887,1.9426,1.0428,0.001802,0.001802,0.001802
17,67.7327,1.02541,0.89909,0.36308,0.67147,1.11834,0.92785,1,0.98875,0.72512,0.92785,1,0.98875,0.75017,0.95451,0.88856,0.06083,1.78932,1.04792,0.0017888,0.0017888,0.0017888
18,69.4458,1.0002,0.8223,0.41017,0.6233,1.09999,0.90742,0.98042,0.95979,0.61767,0.90742,0.98042,0.95979,0.61977,1.07415,1.32141,0.05439,1.27423,1.05113,0.0017756,0.0017756,0.0017756
19,71.0756,0.93492,0.8062,0.37814,0.60703,1.09502,0.81464,1,0.82917,0.61013,0.81464,1,0.82917,0.65952,0.93067,0.80423,0.06514,0.68802,1.02567,0.0017624,0.0017624,0.0017624
20,72.7933,1.02761,0.76068,0.39668,0.70122,1.11201,0.99651,1,0.995,0.78805,0.99651,1,0.995,0.84737,0.84587,0.65297,0.05167,0.54588,0.98782,0.0017492,0.0017492,0.0017492
21,74.585,0.96285,0.69866,0.37705,0.63005,1.08383,0.99587,1,0.995,0.77057,0.99587,1,0.995,0.86168,0.85278,0.60656,0.06112,0.76836,0.97396,0.001736,0.001736,0.001736
22,76.1523,1.0158,0.57156,0.361,0.65357,1.11607,0.99383,1,0.995,0.75809,0.99383,1,0.995,0.82733,0.89181,0.60108,0.05982,0.78756,0.98925,0.0017228,0.0017228,0.0017228
23,77.7943,1.04549,0.67785,0.40719,0.64518,1.12306,0.96768,0.99794,0.99306,0.766,0.96768,0.99794,0.99306,0.86787,0.87591,0.60418,0.04232,1.01669,0.98621,0.0017096,0.0017096,0.0017096
24,79.3869,0.9745,0.70548,0.3436,0.66553,1.12959,0.95262,1,0.97887,0.76988,0.95262,1,0.97887,0.83703,0.84642,0.58172,0.06162,0.88822,0.98758,0.0016964,0.0016964,0.0016964
25,81.0846,0.95329,0.59102,0.31375,0.62931,1.10187,0.99167,1,0.995,0.77386,0.99167,1,0.995,0.84965,0.92768,0.51792,0.04518,0.64295,1.01698,0.0016832,0.0016832,0.0016832
26,82.6023,0.95605,0.67649,0.3017,0.59927,1.07596,0.99411,1,0.995,0.7935,0.99411,1,0.995,0.70312,0.89843,0.93024,0.10391,0.64204,1.00278,0.00167,0.00167,0.00167
27,84.1611,0.97996,0.55287,0.36085,0.6523,1.10672,0.99095,1,0.995,0.77044,0.99095,1,0.995,0.81989,0.94393,0.50788,0.08383,0.7174,1.00808,0.0016568,0.0016568,0.0016568
28,85.6685,0.9668,0.61173,0.30551,0.64483,1.07924,0.98938,1,0.995,0.79963,0.98938,1,0.995,0.87399,0.88736,0.42894,0.06188,0.53021,0.98362,0.0016436,0.0016436,0.0016436
29,87.211,0.9459,0.58454,0.34382,0.62044,1.10101,0.97414,1,0.995,0.76011,0.97414,1,0.995,0.83895,0.90946,0.51529,0.05355,0.48758,0.97227,0.0016304,0.0016304,0.0016304
30,88.8251,0.97122,0.46272,0.31186,0.61267,1.09831,0.99516,1,0.995,0.74841,0.99516,1,0.995,0.84957,0.92718,0.44762,0.05157,0.54265,0.99364,0.0016172,0.0016172,0.0016172
31,90.4173,0.96419,0.47521,0.31707,0.6329,1.08922,1,0.99312,0.995,0.73658,1,0.99312,0.995,0.81928,0.8912,0.66161,0.13016,0.52505,0.98852,0.001604,0.001604,0.001604
32,91.9188,0.93907,0.43252,0.28671,0.62743,1.08092,0.9955,1,0.995,0.77216,0.9955,1,0.995,0.86906,0.85802,0.48195,0.08397,0.49744,0.9908,0.0015908,0.0015908,0.0015908
33,93.4086,0.94117,0.48672,0.31227,0.5859,1.03211,0.99583,1,0.995,0.73561,0.99583,1,0.995,0.94342,0.88628,0.2691,0.05574,0.54205,0.9997,0.0015776,0.0015776,0.0015776
34,94.926,0.95207,0.37592,0.29096,0.59889,1.0783,0.99573,1,0.995,0.78726,0.99573,1,0.995,0.95327,0.84668,0.30282,0.10354,0.46126,0.97723,0.0015644,0.0015644,0.0015644
35,96.424,0.9378,0.39289,0.31752,0.61773,1.06263,0.99405,1,0.995,0.78849,0.99405,1,0.995,0.98066,0.8558,0.26881,0.10975,0.46215,0.97639,0.0015512,0.0015512,0.0015512
36,98.1685,0.86895,0.39026,0.30991,0.53202,1.04341,0.99185,1,0.995,0.75733,0.99185,1,0.995,0.97982,0.93428,0.20536,0.06716,0.50278,0.99854,0.001538,0.001538,0.001538
37,99.7103,0.93601,0.3357,0.30623,0.58373,1.0981,0.997,1,0.995,0.75914,0.997,1,0.995,0.95954,0.88883,0.20563,0.07943,0.46441,0.97387,0.0015248,0.0015248,0.0015248
38,101.268,0.92537,0.32209,0.28761,0.59496,1.06312,0.99781,1,0.995,0.78594,0.99781,1,0.995,0.95992,0.85046,0.21618,0.09215,0.4151,0.97329,0.0015116,0.0015116,0.0015116
39,102.773,0.94957,0.3455,0.33995,0.59331,1.09051,0.99734,1,0.995,0.79073,0.99734,1,0.995,0.98581,0.85311,0.21829,0.08206,0.43923,0.97206,0.0014984,0.0014984,0.0014984
40,104.319,0.90549,0.33434,0.30794,0.58628,1.06681,0.96709,1,0.995,0.78125,0.96709,1,0.995,0.99188,0.81091,0.15756,0.06815,0.40832,0.95016,0.0014852,0.0014852,0.0014852
41,105.834,0.91465,0.34575,0.25993,0.57438,1.04591,0.95107,1,0.995,0.74219,0.95107,1,0.995,0.98461,0.93934,0.15231,0.03511,0.47761,1.04699,0.001472,0.001472,0.001472
42,107.392,0.9063,0.35855,0.24746,0.55851,1.05704,0.96566,1,0.99403,0.77493,0.96566,1,0.99403,0.94256,0.83784,0.26986,0.05407,0.43948,0.99499,0.0014588,0.0014588,0.0014588
43,108.902,0.92724,0.31579,0.29402,0.6167,1.07581,0.99727,1,0.995,0.80801,0.99727,1,0.995,0.96802,0.79671,0.19818,0.07939,0.44107,0.98263,0.0014456,0.0014456,0.0014456
44,110.411,0.89472,0.43253,0.32116,0.62055,1.07166,0.99655,1,0.995,0.75887,0.99655,1,0.995,0.97367,0.89449,0.17492,0.0474,0.4887,1.01559,0.0014324,0.0014324,0.0014324
45,111.9,0.92386,0.2977,0.25886,0.58745,1.05593,0.99745,1,0.995,0.72623,0.99745,1,0.995,0.97697,0.94564,0.20214,0.03312,0.43195,1.03334,0.0014192,0.0014192,0.0014192
46,113.363,0.92129,0.3815,0.32137,0.6122,1.08923,0.99758,1,0.995,0.76922,0.99758,1,0.995,0.96405,0.8526,0.2027,0.02496,0.43564,0.98133,0.001406,0.001406,0.001406
47,114.955,0.90097,0.29887,0.29689,0.57527,1.06066,0.99461,1,0.995,0.80155,0.99461,1,0.995,0.98989,0.86016,0.14313,0.02902,0.41282,0.97882,0.0013928,0.0013928,0.0013928
48,116.661,0.88845,0.33499,0.25453,0.56682,1.05032,0.99447,1,0.995,0.76536,0.99447,1,0.995,0.99222,0.93933,0.13677,0.03948,0.43769,1.01045,0.0013796,0.0013796,0.0013796
49,118.399,0.86948,0.33991,0.2672,0.58189,1.0589,0.9979,1,0.995,0.76458,0.9979,1,0.995,0.98523,0.92916,0.1596,0.05173,0.44067,1.00404,0.0013664,0.0013664,0.0013664
50,120.025,0.89238,0.3004,0.24668,0.59902,1.08072,0.99759,1,0.995,0.79838,0.99759,1,0.995,0.98019,0.81735,0.16185,0.03986,0.39234,0.96277,0.0013532,0.0013532,0.0013532
51,121.665,0.85724,0.25783,0.23196,0.6025,1.05494,0.99762,1,0.995,0.75909,0.99762,1,0.995,0.99051,0.89394,0.15508,0.02707,0.41606,0.99316,0.00134,0.00134,0.00134
52,123.261,0.83585,0.25993,0.24206,0.54369,1.02705,0.99782,1,0.995,0.78059,0.99782,1,0.995,0.98946,0.8559,0.12988,0.02628,0.41043,0.99217,0.0013268,0.0013268,0.0013268
53,124.776,0.81058,0.24156,0.26575,0.56127,1.01651,0.99759,1,0.995,0.80758,0.99759,1,0.995,0.995,0.83126,0.13854,0.02416,0.40299,0.97421,0.0013136,0.0013136,0.0013136
54,126.302,0.88429,0.34114,0.25538,0.52048,1.06257,0.99757,1,0.995,0.7933,0.99757,1,0.995,0.99201,0.87455,0.15912,0.02545,0.38547,0.987,0.0013004,0.0013004,0.0013004
55,127.778,0.84291,0.22857,0.23222,0.5403,1.04175,0.99787,1,0.995,0.77898,0.99787,1,0.995,0.995,0.88146,0.1375,0.03146,0.37297,0.98347,0.0012872,0.0012872,0.0012872
56,129.302,0.85649,0.31664,0.2796,0.54804,1.03155,0.99786,1,0.995,0.77909,0.99786,1,0.995,0.99152,0.87664,0.13307,0.03035,0.37248,0.98138,0.001274,0.001274,0.001274
57,130.852,0.86421,0.29371,0.26476,0.56672,1.08375,0.99629,1,0.995,0.77285,0.99629,1,0.995,0.98296,0.86256,0.17538,0.0183,0.39466,0.98463,0.0012608,0.0012608,0.0012608
58,132.496,0.81466,0.2937,0.24947,0.54418,1.02598,0.99636,1,0.995,0.76649,0.99636,1,0.995,0.9916,0.85986,0.14206,0.01889,0.39291,0.98304,0.0012476,0.0012476,0.0012476
59,134.093,0.89578,0.37827,0.21637,0.581,1.03099,0.99776,1,0.995,0.77652,0.99776,1,0.995,0.99183,0.86893,0.13399,0.01601,0.38206,0.97847,0.0012344,0.0012344,0.0012344
60,135.627,0.82512,0.28826,0.28109,0.51309,1.02712,0.99735,1,0.995,0.79445,0.99735,1,0.995,0.98781,0.84853,0.1646,0.02594,0.40063,0.96201,0.0012212,0.0012212,0.0012212
61,137.169,0.81691,0.24443,0.22083,0.52057,1.01385,0.99749,1,0.995,0.78762,0.99749,1,0.995,0.99111,0.86067,0.12564,0.04263,0.40089,0.9741,0.001208,0.001208,0.001208
62,138.944,0.85211,0.26049,0.23038,0.56405,1.03283,0.99776,1,0.995,0.77324,0.99776,1,0.995,0.98723,0.84716,0.11584,0.03087,0.38695,0.97809,0.0011948,0.0011948,0.0011948
63,140.769,0.84815,0.2139,0.23197,0.53819,1.01573,0.99742,1,0.995,0.76933,0.99742,1,0.995,0.995,0.85604,0.10183,0.02044,0.39125,0.98362,0.0011816,0.0011816,0.0011816
64,142.353,0.80124,0.25015,0.21979,0.55249,1.01715,0.9959,1,0.995,0.78724,0.9959,1,0.995,0.995,0.87077,0.08647,0.01518,0.46258,0.98455,0.0011684,0.0011684,0.0011684
65,143.978,0.8332,0.27305,0.26741,0.49012,1.01174,0.99738,1,0.995,0.78609,0.99738,1,0.995,0.995,0.88231,0.08568,0.0183,0.385,0.99005,0.0011552,0.0011552,0.0011552
66,145.478,0.80492,0.22146,0.23948,0.5111,1.01097,0.99697,1,0.995,0.78112,0.99697,1,0.995,0.995,0.88758,0.10027,0.01872,0.3878,0.99561,0.001142,0.001142,0.001142
67,147.002,0.82494,0.20475,0.24812,0.56868,1.03338,0.99685,1,0.995,0.76188,0.99685,1,0.995,0.995,0.88543,0.09087,0.01795,0.37272,0.99985,0.0011288,0.0011288,0.0011288
68,148.561,0.76636,0.22226,0.23421,0.54066,1.00445,0.99784,1,0.995,0.76281,0.99784,1,0.995,0.995,0.90226,0.11483,0.02123,0.37077,1.00054,0.0011156,0.0011156,0.0011156
69,150.044,0.81434,0.22128,0.23674,0.54343,1.03156,0.99797,1,0.995,0.7768,0.99797,1,0.995,0.995,0.88774,0.10056,0.01971,0.36907,0.98983,0.0011024,0.0011024,0.0011024
70,151.61,0.78912,0.20523,0.26144,0.52821,1.03188,0.9979,1,0.995,0.79704,0.9979,1,0.995,0.995,0.86899,0.08543,0.02257,0.35702,0.98589,0.0010892,0.0010892,0.0010892
71,153.177,0.78712,0.2349,0.24168,0.51873,1.0037,0.99778,1,0.995,0.79383,0.99778,1,0.995,0.995,0.86561,0.08227,0.02079,0.35851,0.98767,0.001076,0.001076,0.001076
72,154.683,0.82855,0.24132,0.25716,0.6025,1.05322,0.99737,1,0.995,0.79117,0.99737,1,0.995,0.995,0.84229,0.08429,0.01659,0.38017,0.97588,0.0010628,0.0010628,0.0010628
73,156.406,0.82207,0.31894,0.26302,0.55548,1.0244,0.99751,1,0.995,0.77458,0.99751,1,0.995,0.995,0.84939,0.10314,0.0174,0.38397,0.96596,0.0010496,0.0010496,0.0010496
74,158.108,0.78321,0.22404,0.24909,0.51603,1.02506,0.99782,1,0.995,0.77492,0.99782,1,0.995,0.995,0.84196,0.11282,0.02761,0.3809,0.97003,0.0010364,0.0010364,0.0010364
75,159.666,0.79254,0.19917,0.22892,0.54948,1.02176,0.9978,1,0.995,0.7776,0.9978,1,0.995,0.995,0.85782,0.08825,0.03259,0.39487,0.98277,0.0010232,0.0010232,0.0010232
76,161.236,0.79447,0.17962,0.23145,0.53404,1.02729,0.99778,1,0.995,0.79205,0.99778,1,0.995,0.995,0.8483,0.09439,0.01954,0.38055,0.97772,0.00101,0.00101,0.00101
77,162.774,0.77851,0.21759,0.24835,0.512,1.01025,0.99779,1,0.995,0.80822,0.99779,1,0.995,0.995,0.85746,0.09183,0.01123,0.3754,0.98505,0.0009968,0.0009968,0.0009968
78,164.328,0.80737,0.23631,0.23522,0.55151,1.01837,0.99785,1,0.995,0.77697,0.99785,1,0.995,0.995,0.89421,0.10702,0.01052,0.38442,0.99999,0.0009836,0.0009836,0.0009836
79,165.843,0.77139,0.29792,0.25297,0.50691,1.00249,0.9978,1,0.995,0.79632,0.9978,1,0.995,0.995,0.84279,0.08798,0.01061,0.38439,0.97471,0.0009704,0.0009704,0.0009704
80,167.41,0.78289,0.2329,0.23063,0.50731,1.01953,0.99783,1,0.995,0.78758,0.99783,1,0.995,0.995,0.87444,0.08603,0.01459,0.37277,0.98862,0.0009572,0.0009572,0.0009572
81,168.902,0.72441,0.21178,0.22624,0.49782,0.97881,0.99774,1,0.995,0.78194,0.99774,1,0.995,0.995,0.87365,0.07578,0.02019,0.38706,0.98715,0.000944,0.000944,0.000944
82,170.57,0.72279,0.21195,0.20822,0.49399,0.97851,0.99774,1,0.995,0.79114,0.99774,1,0.995,0.995,0.85789,0.07994,0.01683,0.39175,0.97838,0.0009308,0.0009308,0.0009308
83,172.368,0.75041,0.18391,0.21542,0.46657,0.99673,0.99789,1,0.995,0.80928,0.99789,1,0.995,0.995,0.82894,0.08479,0.01565,0.37949,0.96172,0.0009176,0.0009176,0.0009176
84,173.872,0.74528,0.19571,0.19976,0.4988,0.99969,0.99793,1,0.995,0.79571,0.99793,1,0.995,0.995,0.85393,0.07088,0.02577,0.36564,0.96465,0.0009044,0.0009044,0.0009044
85,175.463,0.74416,0.16558,0.23179,0.47292,1.02123,0.99784,1,0.995,0.78121,0.99784,1,0.995,0.995,0.86151,0.07921,0.03763,0.3731,0.97642,0.0008912,0.0008912,0.0008912
86,177.054,0.75197,0.18886,0.21448,0.4852,1.00186,0.99759,1,0.995,0.7706,0.99759,1,0.995,0.995,0.89868,0.09953,0.02546,0.36038,0.99336,0.000878,0.000878,0.000878
87,178.602,0.75838,0.20876,0.21553,0.51881,0.99147,0.99745,1,0.995,0.77964,0.99745,1,0.995,0.995,0.91014,0.08529,0.01452,0.36122,0.99434,0.0008648,0.0008648,0.0008648
88,180.237,0.75496,0.1692,0.22772,0.46487,0.99256,0.99755,1,0.995,0.78573,0.99755,1,0.995,0.995,0.91826,0.06834,0.01287,0.37191,0.99964,0.0008516,0.0008516,0.0008516
89,181.802,0.74019,0.17549,0.20726,0.47482,1.00901,0.99765,1,0.995,0.7779,0.99765,1,0.995,0.995,0.89097,0.07866,0.01287,0.36765,0.99809,0.0008384,0.0008384,0.0008384
90,183.318,0.76133,0.19874,0.1933,0.48915,0.97577,0.9976,1,0.995,0.79246,0.9976,1,0.995,0.995,0.84898,0.07681,0.00834,0.33228,0.97773,0.0008252,0.0008252,0.0008252
91,184.958,0.75948,0.13774,0.16414,0.49539,1.0058,0.99789,1,0.995,0.79117,0.99789,1,0.995,0.995,0.85703,0.07684,0.00716,0.33684,0.97432,0.000812,0.000812,0.000812
92,186.862,0.67106,0.19489,0.26214,0.47632,0.96812,0.99786,1,0.995,0.77199,0.99786,1,0.995,0.995,0.89608,0.06741,0.0099,0.38058,0.9874,0.0007988,0.0007988,0.0007988
93,188.716,0.7353,0.15837,0.21093,0.46644,0.96792,0.99762,1,0.995,0.76048,0.99762,1,0.995,0.995,0.90842,0.08083,0.01535,0.38803,0.99298,0.0007856,0.0007856,0.0007856
94,190.693,0.68155,0.18599,0.22454,0.45595,0.96888,0.99724,1,0.995,0.77666,0.99724,1,0.995,0.995,0.88076,0.08015,0.0164,0.38975,0.99239,0.0007724,0.0007724,0.0007724
95,192.174,0.70842,0.15887,0.21404,0.46116,0.98818,0.9971,1,0.995,0.78772,0.9971,1,0.995,0.995,0.85591,0.06461,0.01343,0.38848,0.98883,0.0007592,0.0007592,0.0007592
96,193.771,0.75359,0.14412,0.19335,0.49345,0.98875,0.99712,1,0.995,0.77389,0.99712,1,0.995,0.995,0.84269,0.05559,0.01564,0.36326,0.98509,0.000746,0.000746,0.000746
97,195.469,0.7358,0.14015,0.19681,0.4878,0.96917,0.9971,1,0.995,0.7819,0.9971,1,0.995,0.995,0.84315,0.05439,0.01837,0.35362,0.98372,0.0007328,0.0007328,0.0007328
98,197.052,0.68688,0.14375,0.19172,0.46138,0.98449,0.99729,1,0.995,0.77845,0.99729,1,0.995,0.995,0.86721,0.05299,0.02033,0.35663,0.99856,0.0007196,0.0007196,0.0007196
99,198.79,0.71788,0.19585,0.19397,0.47149,0.96362,0.99727,1,0.995,0.76637,0.99727,1,0.995,0.995,0.89745,0.06861,0.02323,0.35466,1.00448,0.0007064,0.0007064,0.0007064
100,200.635,0.76879,0.16208,0.21014,0.51424,1.00007,0.99711,1,0.995,0.77938,0.99711,1,0.995,0.995,0.87415,0.07481,0.02219,0.36122,0.99303,0.0006932,0.0006932,0.0006932
101,202.251,0.69716,0.19022,0.23732,0.42703,0.96414,0.9968,1,0.995,0.77511,0.9968,1,0.995,0.995,0.8763,0.07654,0.0198,0.35787,0.99078,0.00068,0.00068,0.00068
102,203.887,0.70278,0.1582,0.19649,0.44878,0.96297,0.99686,1,0.995,0.76706,0.99686,1,0.995,0.995,0.90222,0.07232,0.01651,0.37929,0.99975,0.0006668,0.0006668,0.0006668
103,205.428,0.72163,0.13629,0.18734,0.47279,0.96472,0.99773,1,0.995,0.76093,0.99773,1,0.995,0.995,0.89871,0.07598,0.01619,0.39316,1.00316,0.0006536,0.0006536,0.0006536
104,207.017,0.7076,0.22774,0.20299,0.48179,0.9702,0.99791,1,0.995,0.76595,0.99791,1,0.995,0.995,0.90141,0.06606,0.01437,0.39233,1.00769,0.0006404,0.0006404,0.0006404
105,208.87,0.66169,0.14894,0.184,0.45387,0.96183,0.99784,1,0.995,0.78878,0.99784,1,0.995,0.995,0.87942,0.05708,0.01162,0.37009,0.99518,0.0006272,0.0006272,0.0006272
106,210.624,0.63079,0.12625,0.2193,0.43593,0.95918,0.99775,1,0.995,0.77555,0.99775,1,0.995,0.995,0.88041,0.05995,0.0122,0.37101,0.99461,0.000614,0.000614,0.000614
107,212.128,0.65806,0.13713,0.18829,0.4342,0.93836,0.99771,1,0.995,0.79107,0.99771,1,0.995,0.995,0.88381,0.05955,0.0148,0.34797,0.99557,0.0006008,0.0006008,0.0006008
108,213.728,0.64586,0.13897,0.16658,0.42607,0.94622,0.99778,1,0.995,0.77911,0.99778,1,0.995,0.995,0.86717,0.0682,0.01696,0.35932,0.99988,0.0005876,0.0005876,0.0005876
109,215.301,0.6538,0.1949,0.19025,0.45801,0.94032,0.99792,1,0.995,0.77648,0.99792,1,0.995,0.995,0.86947,0.07723,0.01444,0.38568,1.00484,0.0005744,0.0005744,0.0005744
110,216.886,0.65615,0.13203,0.18843,0.43341,0.96212,0.99745,1,0.995,0.78757,0.99745,1,0.995,0.99237,0.86094,0.07736,0.00965,0.36286,0.99493,0.0005612,0.0005612,0.0005612
111,218.821,0.65335,0.13189,0.19254,0.44797,0.96972,0.99761,1,0.995,0.78816,0.99761,1,0.995,0.995,0.87996,0.07284,0.00694,0.35033,0.99591,0.000548,0.000548,0.000548
112,220.668,0.68667,0.15876,0.19761,0.46355,0.96633,0.99776,1,0.995,0.78684,0.99776,1,0.995,0.995,0.87238,0.05174,0.00704,0.34153,0.99608,0.0005348,0.0005348,0.0005348
113,222.218,0.63853,0.12288,0.20314,0.44995,0.95582,0.99757,1,0.995,0.78254,0.99757,1,0.995,0.995,0.90283,0.05076,0.00893,0.34675,1.00406,0.0005216,0.0005216,0.0005216
114,223.828,0.67607,0.13828,0.1647,0.46521,0.96452,0.99738,1,0.995,0.78702,0.99738,1,0.995,0.995,0.89291,0.05676,0.01189,0.35441,1.00008,0.0005084,0.0005084,0.0005084
115,225.379,0.6544,0.11101,0.20627,0.45855,0.95762,0.99738,1,0.995,0.79302,0.99738,1,0.995,0.995,0.87399,0.05353,0.01323,0.35053,0.99562,0.0004952,0.0004952,0.0004952
116,226.952,0.62058,0.16754,0.17832,0.43181,0.93831,0.99752,1,0.995,0.78495,0.99752,1,0.995,0.995,0.88546,0.05445,0.01363,0.34453,0.9953,0.000482,0.000482,0.000482
117,228.682,0.64813,0.18962,0.19369,0.46676,0.96049,0.99732,1,0.995,0.78242,0.99732,1,0.995,0.995,0.88264,0.05358,0.01397,0.34574,0.99223,0.0004688,0.0004688,0.0004688
118,230.235,0.63889,0.14237,0.18048,0.43431,0.95836,0.99762,1,0.995,0.77414,0.99762,1,0.995,0.995,0.86877,0.05499,0.01389,0.3336,0.98907,0.0004556,0.0004556,0.0004556
119,232.019,0.63964,0.13688,0.19672,0.41949,0.958,0.99772,1,0.995,0.77467,0.99772,1,0.995,0.995,0.85959,0.05851,0.01349,0.32772,0.99117,0.0004424,0.0004424,0.0004424
120,233.719,0.65437,0.19021,0.21404,0.42558,0.96356,0.99774,1,0.995,0.77925,0.99774,1,0.995,0.995,0.87122,0.05588,0.0123,0.34823,0.99528,0.0004292,0.0004292,0.0004292
121,235.251,0.60253,0.1069,0.19795,0.43815,0.93843,0.99776,1,0.995,0.7811,0.99776,1,0.995,0.995,0.8877,0.05161,0.01264,0.35106,1.00228,0.000416,0.000416,0.000416
122,237.079,0.65169,0.14122,0.21583,0.48361,0.98007,0.99761,1,0.995,0.7681,0.99761,1,0.995,0.995,0.8815,0.04811,0.01308,0.35968,1.00386,0.0004028,0.0004028,0.0004028
123,239.059,0.60833,0.11744,0.19325,0.42817,0.95623,0.99747,1,0.995,0.77362,0.99747,1,0.995,0.995,0.84995,0.0494,0.01486,0.35527,0.98822,0.0003896,0.0003896,0.0003896
124,240.804,0.64825,0.10495,0.21282,0.41708,0.97061,0.99741,1,0.995,0.77875,0.99741,1,0.995,0.995,0.83937,0.04915,0.01387,0.35032,0.98575,0.0003764,0.0003764,0.0003764
125,242.552,0.59795,0.11281,0.16378,0.41707,0.94462,0.99758,1,0.995,0.7816,0.99758,1,0.995,0.995,0.84539,0.04798,0.0133,0.34698,0.98521,0.0003632,0.0003632,0.0003632
126,244.235,0.65104,0.13018,0.178,0.42794,0.98927,0.99754,1,0.995,0.79014,0.99754,1,0.995,0.995,0.85116,0.04757,0.01158,0.34709,0.98998,0.00035,0.00035,0.00035
127,246.093,0.65689,0.17729,0.17588,0.46787,0.96865,0.99755,1,0.995,0.78505,0.99755,1,0.995,0.995,0.85099,0.05078,0.01133,0.33848,0.99,0.0003368,0.0003368,0.0003368
128,247.959,0.61203,0.12389,0.18498,0.43973,0.94945,0.99752,1,0.995,0.80221,0.99752,1,0.995,0.995,0.85212,0.0482,0.01128,0.32924,0.99014,0.0003236,0.0003236,0.0003236
129,249.586,0.59146,0.0966,0.17255,0.40007,0.94461,0.9976,1,0.995,0.78597,0.9976,1,0.995,0.995,0.86692,0.05561,0.011,0.32913,0.99897,0.0003104,0.0003104,0.0003104
130,251.139,0.605,0.12819,0.18539,0.39261,0.94348,0.9976,1,0.995,0.7835,0.9976,1,0.995,0.995,0.87659,0.06492,0.01116,0.33404,1.00316,0.0002972,0.0002972,0.0002972
131,252.803,0.60974,0.16025,0.19818,0.44372,0.96624,0.99756,1,0.995,0.78517,0.99756,1,0.995,0.995,0.8913,0.05585,0.01176,0.33491,1.00803,0.000284,0.000284,0.000284
132,254.576,0.59572,0.1141,0.15965,0.4329,0.93006,0.99753,1,0.995,0.78265,0.99753,1,0.995,0.995,0.89626,0.05017,0.01283,0.33905,1.01317,0.0002708,0.0002708,0.0002708
133,256.144,0.64523,0.14722,0.15955,0.4497,0.94986,0.9973,1,0.995,0.78383,0.9973,1,0.995,0.995,0.88418,0.05287,0.01313,0.33985,1.01142,0.0002576,0.0002576,0.0002576
134,257.737,0.57564,0.13347,0.17567,0.41914,0.94063,0.99721,1,0.995,0.79889,0.99721,1,0.995,0.995,0.87679,0.05293,0.01375,0.33907,1.00736,0.0002444,0.0002444,0.0002444
135,259.694,0.59959,0.13814,0.1759,0.39941,0.941,0.99689,1,0.995,0.79587,0.99689,1,0.995,0.995,0.88349,0.04744,0.01488,0.34075,1.00406,0.0002312,0.0002312,0.0002312
136,261.26,0.5802,0.10498,0.19051,0.4204,0.94842,0.99643,1,0.995,0.79035,0.99643,1,0.995,0.995,0.89491,0.04307,0.01503,0.33858,1.00464,0.000218,0.000218,0.000218
137,262.871,0.56548,0.12182,0.1637,0.41751,0.93743,0.99605,1,0.995,0.78862,0.99605,1,0.995,0.995,0.89794,0.04365,0.01353,0.33556,1.00669,0.0002048,0.0002048,0.0002048
138,264.419,0.58794,0.11243,0.19608,0.39548,0.92987,0.99626,1,0.995,0.78159,0.99626,1,0.995,0.995,0.8899,0.0465,0.01222,0.33154,1.00779,0.0001916,0.0001916,0.0001916
139,266.119,0.58653,0.12165,0.16268,0.42395,0.94159,0.99641,1,0.995,0.78185,0.99641,1,0.995,0.995,0.88515,0.04549,0.01117,0.32668,1.00637,0.0001784,0.0001784,0.0001784
140,267.663,0.58683,0.13914,0.17666,0.38961,0.93254,0.99577,1,0.995,0.77871,0.99577,1,0.995,0.995,0.8892,0.04404,0.01042,0.32876,1.00659,0.0001652,0.0001652,0.0001652
141,275.872,0.51254,0.07226,0.02763,0.32398,0.89906,0.99546,1,0.995,0.78232,0.99546,1,0.995,0.995,0.88558,0.04401,0.00981,0.33035,1.00552,0.000152,0.000152,0.000152
142,281.085,0.49859,0.10253,0.05875,0.3357,0.91926,0.99533,1,0.995,0.76725,0.99533,1,0.995,0.995,0.88673,0.04515,0.01005,0.33613,1.00419,0.0001388,0.0001388,0.0001388
143,286.134,0.48833,0.06383,0.01664,0.31015,0.89767,0.99556,1,0.995,0.76664,0.99556,1,0.995,0.995,0.89156,0.04595,0.01029,0.3379,1.00461,0.0001256,0.0001256,0.0001256
144,290.052,0.49346,0.06786,0.02408,0.2902,0.87198,0.99535,1,0.995,0.7746,0.99535,1,0.995,0.995,0.89807,0.0447,0.00983,0.34072,1.00759,0.0001124,0.0001124,0.0001124
145,293.213,0.45322,0.06944,0.02816,0.29963,0.87661,0.99547,1,0.995,0.76997,0.99547,1,0.995,0.995,0.90989,0.0437,0.00922,0.34886,1.01064,9.92e-05,9.92e-05,9.92e-05
146,296.366,0.46191,0.06406,0.02626,0.29115,0.88837,0.99542,1,0.995,0.76439,0.99542,1,0.995,0.995,0.90853,0.04286,0.00841,0.34622,1.01077,8.6e-05,8.6e-05,8.6e-05
147,298.303,0.46186,0.05781,0.03268,0.32686,0.86395,0.99548,1,0.995,0.76245,0.99548,1,0.995,0.995,0.90693,0.04174,0.00771,0.34646,1.01086,7.28e-05,7.28e-05,7.28e-05
148,300.56,0.46797,0.0926,0.0208,0.29278,0.87647,0.99631,1,0.995,0.76559,0.99631,1,0.995,0.995,0.90183,0.04138,0.00739,0.35089,1.01072,5.96e-05,5.96e-05,5.96e-05
149,302.353,0.47695,0.07478,0.02126,0.31641,0.88291,0.99644,1,0.995,0.7651,0.99644,1,0.995,0.995,0.89805,0.04075,0.00762,0.35092,1.01068,4.64e-05,4.64e-05,4.64e-05
150,304.802,0.44421,0.06696,0.02821,0.28453,0.86641,0.9967,1,0.995,0.76357,0.9967,1,0.995,0.995,0.89876,0.03992,0.00811,0.35334,1.01192,3.32e-05,3.32e-05,3.32e-05
